<?xml version="1.0" encoding="utf-8"?><feed xmlns="http://www.w3.org/2005/Atom" ><generator uri="https://jekyllrb.com/" version="3.9.5">Jekyll</generator><link href="http://localhost:4000/feed.xml" rel="self" type="application/atom+xml" /><link href="http://localhost:4000/" rel="alternate" type="text/html" /><updated>2024-04-09T16:26:12+02:00</updated><id>http://localhost:4000/feed.xml</id><title type="html">maurizio berta</title><subtitle>test test test</subtitle><entry><title type="html">A Occhi Aperti</title><link href="http://localhost:4000/multimedia/2024/04/09/baal.html" rel="alternate" type="text/html" title="A Occhi Aperti" /><published>2024-04-09T12:11:54+02:00</published><updated>2024-04-09T12:11:54+02:00</updated><id>http://localhost:4000/multimedia/2024/04/09/baal</id><content type="html" xml:base="http://localhost:4000/multimedia/2024/04/09/baal.html"><![CDATA[<p>ciaocacsioac
asnfdansfna
afndskajnflknd
jasnfknaslldfks</p>]]></content><author><name></name></author><category term="multimedia" /><summary type="html"><![CDATA[ciaocacsioac asnfdansfna afndskajnflknd jasnfknaslldfks]]></summary></entry><entry><title type="html">Adapting Machine Learning to our artistic needs.</title><link href="http://localhost:4000/research/2024/04/09/welcome-to-jekyll.html" rel="alternate" type="text/html" title="Adapting Machine Learning to our artistic needs." /><published>2024-04-09T12:11:54+02:00</published><updated>2024-04-09T12:11:54+02:00</updated><id>http://localhost:4000/research/2024/04/09/welcome-to-jekyll</id><content type="html" xml:base="http://localhost:4000/research/2024/04/09/welcome-to-jekyll.html"><![CDATA[<p>You’ll find this post in your <code class="language-plaintext highlighter-rouge">_posts</code> directory. Go ahead and edit it and re-build the site to see your changes. You can rebuild the site in many different ways, but the most common way is to run <code class="language-plaintext highlighter-rouge">jekyll serve</code>, which launches a web server and auto-regenerates your site when a file is updated.</p>

<p>Jekyll requires blog post files to be named according to the following format:</p>

<p><code class="language-plaintext highlighter-rouge">YEAR-MONTH-DAY-title.MARKUP</code></p>

<p>Where <code class="language-plaintext highlighter-rouge">YEAR</code> is a four-digit number, <code class="language-plaintext highlighter-rouge">MONTH</code> and <code class="language-plaintext highlighter-rouge">DAY</code> are both two-digit numbers, and <code class="language-plaintext highlighter-rouge">MARKUP</code> is the file extension representing the format used in the file. After that, include the necessary front matter. Take a look at the source for this post to get an idea about how it works.</p>

<p>Jekyll also offers powerful support for code snippets:</p>

<figure class="highlight"><pre><code class="language-ruby" data-lang="ruby"><span class="k">def</span> <span class="nf">print_hi</span><span class="p">(</span><span class="nb">name</span><span class="p">)</span>
  <span class="nb">puts</span> <span class="s2">"Hi, </span><span class="si">#{</span><span class="nb">name</span><span class="si">}</span><span class="s2">"</span>
<span class="k">end</span>
<span class="n">print_hi</span><span class="p">(</span><span class="s1">'Tom'</span><span class="p">)</span>
<span class="c1">#=&gt; prints 'Hi, Tom' to STDOUT.</span></code></pre></figure>

<p>Check out the <a href="https://jekyllrb.com/docs/home">Jekyll docs</a> for more info on how to get the most out of Jekyll. File all bugs/feature requests at <a href="https://github.com/jekyll/jekyll">Jekyll’s GitHub repo</a>. If you have questions, you can ask them on <a href="https://talk.jekyllrb.com/">Jekyll Talk</a>.</p>]]></content><author><name></name></author><category term="research" /><summary type="html"><![CDATA[You’ll find this post in your _posts directory. Go ahead and edit it and re-build the site to see your changes. You can rebuild the site in many different ways, but the most common way is to run jekyll serve, which launches a web server and auto-regenerates your site when a file is updated.]]></summary></entry><entry><title type="html">Tutorial - Machine Learning for Artists - 1 - Control a Max synthesizer with Machine Learning using Wekinator</title><link href="http://localhost:4000/teaching/teaching.mla/2024/04/09/mla_1.html" rel="alternate" type="text/html" title="Tutorial - Machine Learning for Artists - 1 - Control a Max synthesizer with Machine Learning using Wekinator" /><published>2024-04-09T12:11:54+02:00</published><updated>2024-04-09T12:11:54+02:00</updated><id>http://localhost:4000/teaching/teaching.mla/2024/04/09/mla_1</id><content type="html" xml:base="http://localhost:4000/teaching/teaching.mla/2024/04/09/mla_1.html"><![CDATA[<div class="language-plaintext highlighter-rouge"><div class="highlight"><pre class="highlight"><code>{
  "firstName": "John",
  "lastName": "Smith",
  "age": 25
}
</code></pre></div></div>
<hr />

<p><br /></p>

<h1 align="right">What is machine learning </h1>

<p><br /></p>

<p>“Learning abstract representation of
patterns from a collection of
examples is precisely what machine
learning techniques are tailored to do.
The term ‘machine learning’ refers to a
family of algorithms that allow
computers to automatically construct
abstract representations of problems
by learning them from data of some
kind. More specifically, artificial neural
networks (or neural networks, for short)
have been developed to automatically
detect patterns in data, and then to use
such patterns to classify new data or
to predict future data. Rather
importantly, while classifying, they often
build in their deepest layers a latent
(possibly entangled) representation,
providing interesting information on
some (possibly non-standard)
characteristics of the input.“<sup id="fnref:1" role="doc-noteref"><a href="#fn:1" class="footnote" rel="footnote">1</a></sup></p>

<p><br /></p>

<hr />
<p><br /></p>
<h1>What is machine listening</h1>

<p><br /></p>

<p>Machine listening is a class of applied
artificial intelligence used to render
audio intelligible for machines. In
contrast to signal-processing
techniques that hear, machine-listening
software is designed to understand
sound through the training of an
artificial listening mind. Inspired by the
mechanisms underlying human aurality,
machine listeners perform intelligent
operations on audio through the
computational modelling of human</p>

<p>perception and cognition. Here,
“naturalized” conceptions of human
listening act as templates to endow
computer audition with capacities that
are meant to simulate our own.</p>

<hr />
<p><br /></p>
<h1></h1>

<hr />

<p>Il dato musicale può essere rappresentato in 2 modi all’interno del computer: come file audio
o come dato simbolico (ad esempio partitura).</p>

<p>Di conseguenza troviamo 2 ramificazioni nel campo dell’analisi musicale e generazione: quella
simbolica e quella sui campioni. Con una conseguente differenza nel livello di astrazione.</p>

<hr />
<h1></h1>
<hr />
<p>Denoising, mixing, mastering, Source
Separation: Izotope Ozone, Nectar,
RX.</p>

<p>• MIR, Music Information Retrieval.
Algoritmi di Spotify, Youtube per i
suggerimenti musicali, riconoscimento
delle caratteristiche dei brani (ad
esempio emotion tracking).</p>

<p>• Algoritmi per il riconoscimento
musicale, Fingerprinting. Ad esempio
Shazam, Google, Soundhound.</p>

<p>• Sony CSL Flow Machines. Sviluppo
delle tecnologie di ML per assistere la
composizione di brani pop e la
scrittura di testi.</p>

<p>• AIVA, software che si occupa di
generare colonne sonore. Primo
compositore virtuale riconosciuto dalla
SACEM (la SIAE francese).</p>

<hr />

<p>Il machine learning permette di velocizzare</p>

<p>processi che occuperebbero molto tempo per
una persona e renderli più accurati ed efficienti.</p>

<hr />

<p>Wekinator</p>

<p>Si tratta di un software sviluppato da
Rebecca Fiebrink, ideato per artisti e
creativi e che permette di utilizzare
velocemente il machine learning.</p>

<p>• Utilizza il protocollo OSC per</p>

<p>interfacciarsi con altri software, ad
esempio Max/MSP, TouchDesigner,
Pure Data.</p>

<hr />

<p>Apriamo Wekinator, apparirà la schermata “Create
new project”.</p>

<p>Nella sezione Receiving OSC viene indicata la
porta OSC da cui Wekinator riceverà gli input.</p>

<p>Nella sezione Inputs definiamo il messaggio che
deve essere preposto ai dati che vogliamo
mandare e il numero di dati. Mettiamo 2 inputs.</p>

<p>Nella sezione Outputs viene indicato il messaggio
preposto ai dati e il numero di dati in uscita, in
questo caso scriviamo 10. Poi l’host che in questo
caso rimane localhost (può essere utile se
utilizziamo più computer in rete) e la porta di
uscita. Infine il tipo di modello, per ora vedremo All
continuos.</p>

<p>Premiamo Next &gt; in basso a destra.</p>

<hr />

<p>In alto a sinistra sono indicati i messaggi
OSC in e OSC out, i quali diventano
verdi quando viene mandato un
messaggio.</p>

<p>Appena sotto il bottone start recording
permette di registrare i valori che
mandiamo in input ad OSC in.</p>

<p>A destra troviamo i due output che
abbiamo creato.</p>

<p>Ora occupiamoci della configurazione di
OSC in Max.</p>

<hr />

<p>In Max, per ricevere e mandare i messaggi OSC e
comunicare con Wekinator utilizziamo gli oggetti
updreceive e udpsend.</p>

<p>Per comunicare con l’input di Wekinator utilizziamo
udpsend, scriviamo il nome dell’host indicato
precedentemente e l’indirizzo. Inoltre con prepend
mettiamo davanti al messaggio /wek/inputs in modo che
Wekinator capisca il tipo di dato che stiamo mandando.</p>

<p>Per ricevere l’output dobbiamo usare udpreceive e indicare
come argomento l’indirizzo. Come vediamo nel message
box, il messaggio ricevuto indicherà /wek/outputs come
primo elemento.</p>

<p>Wekinator di default riceve solo valori compresi tra 0 e 1.</p>

<hr />

<p>In Max creiamo l’interfaccia per il controllo
dei preset, usiamo pictslider.</p>

<p>Poi scaliamo i suoi valori con zmap per
portarli tra 0 e 1.</p>

<p>Infine creiamo un unico messaggio da
mandare a Wekinator nel formato:</p>

<p>/wek/inputs 0. 0.</p>

<hr />

<p>Come sintetizzatore utilizzeremo il “chaotic
synthesiser”, incluso negli allegati.</p>

<p>Con zl.slice rimuoviamo la prima parte del
messaggio che cita /wek/outputs e
mandiamo i parametri al multislider, che
controlla la sintesi.</p>

<hr />

<p>Ora ci occuperemo del training del modello.</p>

<p>Premiamo randomize, sotto Values, con l’audio di Max
acceso, per cercare un suono che ci piace.</p>

<p>Una volta trovato premiamo il tasto Start Recording e
muoviamo lo slider nella posizione dove vogliamo ritrovare quel
suono. Poi premiamo stop recording e ripetiamo questi step.</p>

<p>Una volta ottenuti tutti i dati necessari premiamo il tasto train.
Completato il processo di training il led sotto la dicitura status
diventerà verde e potremo utilizzare il modello.</p>

<p>Infine premiamo Run e come potrete sentire avremo ottenuto
un mapping immediato dei preset ed una loro interpolazione.</p>

<p>Ci sono diversi tipi di modelli e non tutti danno valori continui,
altri infatti permettono di ottenere valori discreti per
rappresentare i pattern riconosciuti in input.</p>

<hr />

<p>Per classificazione intendiamo</p>

<p>l’utilizzo del machine learning per
ottenere dei valori discreti che
descrivano il contenuto in ingresso.</p>

<p>Per regressione lineare intendiamo
l’utilizzo del machine learning per
ottenere dei valori continui,
ottenendo una stima dei valori attesi.</p>

<hr />

<p>Il brano è ispirato dallo spazio circolare della Roundhouse in cui viene eseguito e
dalla poesia di Evgenia Emets.</p>

<p>La parte visiva è costruita come un sistema particellare in un campo di vettori, nello
spazio sono presenti 6 microfoni per i cantanti del coro, mappati a 6 reti neurali
(chiamate brains) che controllano le caratteristiche di 6 emettitori di particelle, con
una ulteriore rete connessa ad un microfono posizionato al centro del cerchio.</p>

<p>L’installazione è composta da una performance del coro di 2 parti, con un
intermezzo nel quale l’audience è incoraggiata ad interagire direttamente con
ciascuno dei microfoni.</p>

<hr />

<p>Per approfondire Wekinator e l’utilizzo di gesture per il controllo musicale consiglio i</p>

<p>seguenti link:</p>

<p>https://www.youtube.com/watch?v=dPV-gCqy9j4</p>

<p>https://www.kadenze.com/courses/machine-learning-for-musicians-and-artists/info</p>

<div class="footnotes" role="doc-endnotes">
  <ol>
    <li id="fn:1" role="doc-endnote">
      <p>This is the footnote. <a href="#fnref:1" class="reversefootnote" role="doc-backlink">&#8617;</a></p>
    </li>
  </ol>
</div>]]></content><author><name></name></author><category term="teaching" /><category term="teaching.mla" /><summary type="html"><![CDATA[{ "firstName": "John", "lastName": "Smith", "age": 25 }]]></summary></entry><entry><title type="html">Analysis: Près - Kaija Saariaho</title><link href="http://localhost:4000/analysis/2024/04/09/analysis-saariaho.html" rel="alternate" type="text/html" title="Analysis: Près - Kaija Saariaho" /><published>2024-04-09T12:11:54+02:00</published><updated>2024-04-09T12:11:54+02:00</updated><id>http://localhost:4000/analysis/2024/04/09/analysis-saariaho</id><content type="html" xml:base="http://localhost:4000/analysis/2024/04/09/analysis-saariaho.html"><![CDATA[<p>
In questo testo verrà approfondita la prima sezione della composizione Près di Kaija Saariaho. Il brano verrà analizzato con attenzione allo sviluppo gestuale ed alla interazione tra materiale acustico ed elettroacustico. La metodologia di analisi utilizzata deriva da quella proposta da O’Callaghan \&amp; Eigenfeldt\cite{dirac}, pensata appositamente per la musica mista di derivazione spettralista. 
</p>
<p>
\emph{Kaija Anneli Saariaho}(1952) è una compositrice Finlandese, attualmente residente a Parigi. A livello storico la sua musica si pone dopo lo spettralismo di Gerard Grisey e Tristan Murail però, a differenza loro, il suo obiettivo non è tanto quello di stabilire nuove pratiche compositive ma partendo da basi post-seriali e spettraliste stabilire una propria estetica\cite{workk}. Il suo linguaggio musicale è unico, posizionato a metà tra le pratiche elettroacustiche e strumentali, sviluppando particolari influenze tra i due mondi.
A sostituzione delle regole di consonanza e dissonanza del linguaggio tonale, K.S. si appoggia al più ampio concetto spettrale di tono e rumore (Saariaho 1987), questo tipo di pensiero la pone all'interno del contesto spettralista, cioè musica nella quale il timbro è elemento fondamentale per la struttura \cite{Reigle}. É poi importante notare come l'elettronica influenza la morfologia e la capacità dei gesti musicali, di cui le composizioni miste Verblendungen (1984) e Lichtbogen (1986) sono un prezioso esempio \cite{workk}. Allo stesso tempo Près(1992-94) è un brano che pone queste pratiche nella scrittura per strumento solo, il che dà la possibilità di analizzare e sentire in modo evidente i processi applicati. L'immaginario musicale di K.S. è spesso stimolato da impulsi letterari e visivi, inoltre la natura è fonte di pensiero formale. A riguardo essa dice “I am very interested in the structures found in nature—especially the symmetry of leaves and flowers. I am working on transforming such patterns musically. There are patterns within nature and colors or musical timbres within which these patterns lie.”. Il primo impulso per Près venne dal dipinto di Paul Gauguin "Fatata te Miti" (In riva al mare), immaginando i diversi ritmi e suoni derivati dall'esperienza del mare. In termini musicali questi suoni e ritmi si riferiscono a diversi tipi di materiali musicali e tessiture, forme, figure ritmiche e timbri; questi fattori sono utilizzati per creare una dialettica di accumulazione e rilascio. Il tema del mare è ricorrente nella musica di Saariaho ma la sua intenzione non è quella di ricreare il mare o le onde attraverso la composizione, nè è interessata al simbolismo legato al mare; il suo elemento di ricerca è invece particolarmente legato alla rumorosità e agli impulsi delle onde. Il suono può anche essere figurativo, se associato con forme naturali o suoni concreti riconoscibili.Uno degli aspetti di maggiore interesse nei brani di K.S., citato dal violoncellista Annsi Karttunen a cui il brano è dedicato, è appunto la transizione dall'astratto al figurativo. Il nome del brano, Près è un'abbreviazione di Près de la mer (vicino al mare), nasce come brano gemello di "Amers"(1992), opera per violoncello e ensemble, e con essa condivide il materiale di partenza, un trillo sul mi bemolle.
L’opera è divisa in tre parti. La prima riprende l’idea di Amers, la seconda mette l’accento sul ritmo e si sviluppa sotto forma di ostinato, alternando suoni gravi e armonici. Infine, la terza parte utilizza la polifonia, e tende molto al rumore.
L’elettronica è stata sviluppata all’IRCAM, da Jean-Baptiste Barrière e Xavier Chabot.
La durata di esecuzione è circa di 20 minuti.
</p>
<p>\section*{Strategia di Analisi}</p>
<p>
Per la creazione di un'analisi efficace della musica mista è importante capire le problematiche relative soprattutto alla descrizione di elementi che sono spesso solo uditivi. Di fondamentale aiuto per la realizzazione di questo testo è stata la scoperta del framework di O’Callaghan \&amp; Eigenfeldt \cite{workk}, in quanto permette un approccio mirato al tipo di lavoro in analisi. L'intento è quello di trovare gli archetipi compositivi applicati dalla Saariaho, dissolverli e capirne la forma, per poi farne una sintesi. Lo scopo dell'analisi infatti come discute Marco Stroppa \cite{stroppa}, non è solo quello di smontare in piccoli pezzi le composizioni, ma, comprendendo le relazioni intrinseche dei vari segmenti, poter risintetizzare il lavoro dai singoli elementi.
In questo brano ci viene in aiuto la partitura che include anche una descrizione del processo elettronico in atto.
\section*{Analisi Gestuale e dell'Interazione}
L'analisi che ho applicato è focalizzata sul gesto e sull'interazione tra elettronica e strumento acustico. 
Per gesto si intende un'unità percettiva o forma sonora che si sviluppa nel tempo, in questo contesto per trovare questo elemento ho usato come materiale la partitura e lo spettrogramma del brano, oltre, ovviamente, all'ascolto.
I gesti sono le unità morfologiche di micro-livello, suscettibili a graduali evoluzioni nel tempo ed a interazione o mutazione con altri componenti del brano.
Ogni gesto ha una traiettoria che lo porta verso un cambiamento specifico, allo stesso modo ci sono percorsi anche a livello formale, relativi allo sviluppo, reiterazione e articolazione dei gesti. In K.S. vi è una particolare attenzione a questo tipo di evoluzione del materiale, come è visibile alla figura \ref{figure:verble}, in relazione al brano "Verblendungen" . Come è possibile notare essa realizza le traiettorie riguardanti i parametri del brano come strumento compositivo.
Per quanto riguarda l'interazione ho evidenziato 3 modalità., utilizzando la metodologia di O’Callaghan \&amp; Eigenfeldt\cite{dirac}. Per primo troviamo la relazione per unisono, cioè una fusione timbrica tra acustica ed elettronica. Possiamo poi avere la mutazione, cioè elementi molto diversi tra loro influenzano si influenzano a vicenda. Il terzo e ultimo modo di interazione, e anche quello che ho trovato più comune in questo brano, è quello per emergenza; inteso come realizzazione di suono come estensione del precedente, o sua materializzazione come risultato dei parametri sempre del suono precedente.
\begin{Figure}
 \centering
 \includegraphics[width=\linewidth]{parameters_ver.png}
 \captionof{figure}{Parametri compositivi in Verblendungen.}
 \label{figure:verble}
\end{Figure}
</p>
<p>\section*{Analisi Spettrale}
Dal punto di vista spettrale ho utilizzato, come parametro il respiro spettrale, inteso come continuum da tono a rumore, e l’apertura spettrale (spread).
Queste scelte sono dovute ai parametri specifici del brano in analisi, derivati dai processi compositivi. Come è stato anticipato K.S. utilizza per la sua dialettica la dicotomia tono-rumore, sostituendo i principi tonali di consonanza-dissonanza e, di conseguenza, anche l’asse stabilità-instabilità.
Per articolar il proprio pensiero musicale fa grande uso di tecniche strumentali estese, avendo una chiara concezione delle caratteristiche timbriche di ciascuna.
\begin{tabular}
\centering
\end{tabular}
\begin{Figure}
 \centering
 \includegraphics[width=\linewidth]{strings_tone_noise.png}
 \captionof{figure}{Asse tono/rumore nelle tecniche degli strumenti ad arco.}
 \label{figure:axstrings}
\end{Figure}
\end{multicols}</p>

<p>\begin{Figure}
 \centering
 \includegraphics[width=\linewidth]{axis_tone_noise.png}
 \captionof{figure}{Asse tono/rumore.}
 \label{figure:axnoise}
\end{Figure}</p>

<p>\begin{multicols}{2}</p>

<p>\section*{Tecniche Compositive}
Il brano fa uso di tecniche principalmente derivate dallo spettralismo. Una di queste tecniche da evidenziare per l’interazione acustica-elettronica è la \highlight{fusione} tra armonia e timbro. Se ipotizziamo di avere un agglomerato armonico, maggiore sarà l’approssimazione micro-tonale, minore la quantità di battimenti; l’orecchio percepisce il suono come fuso in un singolo oggetto piuttosto che un accordo con diversi elementi(Murail 2005d). Il compositore Tristan Murail spiega questo fenomeno utilizzando il termine ‘armonia-timbro ‘(ibid., p.195).  Un evento armonico può cambiare le sue caratteristiche in un evento timbrico, solamente aumentando la precisione dell’approsimazione delle sue componenti costituenti.
Di conseguenza i micro intervalli non producono un ‘out-of-tune-ness’, ma l’effetto opposto. 
Altra tecnica di derivazione spettrale è la variazione dei livelli di armonicità e inarmonicità in relazione alla purezza o non purezza dei suoni, ottenuta manipolando le differente tecniche strumentali.
Le tecniche strumentali utilizzate vanno dalla pressione e cambi di posizione dell’arco, pizzicato, suoni strappati ed altri, che contribuiscono alla sopracitata fusione o fissione spettrale.
Se torniamo allo schema dell’asse tono-rumore, possiamo osservare che esso si muove in congiunzione con l’asse armonicità-inarmonicità. Unendo le due mappe otteniamo ciò che Grisey definisce come musica liminale, musica alla soglia della percezione (Hervé, 2009, p.31). 
Avendo posto questi concetti base, è possibile proseguire con l’analisi del brano.</p>

<p>\end{multicols}</p>

<p>\begin{Figure}
 \centering
 \includegraphics[width=\linewidth]{jj.png}
 \captionof{figure}{Apertura spettrale nel brano.}
 \label{figure:axnoise}
\end{Figure}</p>

<p>\begin{multicols}{2}</p>

<p>\section*{Près}</p>

<p>Près è una composizione di 3 movimenti, il primo dei quali, Misterioso, presenta il materiale musicale, nelle parole dell’esecutore Annsi Karttunen, a cui il brano è dedicato, un “mondo perfetto e statico”. Il violoncello è suonato, a volte, con sovrappressione, permettendo di passare da tono a rumore. Il riverbero continuo, aggiunto dal computer, crea l’impressione di un suono che svanisce nel cosmo. Verso la fine, vengono aggiunti numerosi effetti elettronici al suono del violoncello, insieme a registrazioni pre-processate. La seconda parte, Agitato, introduce nuovi elementi sia per l’elettronica che per il violoncello. La parte strumentale è dominata da passaggi ripetitivi in cui l’uso degli armonici naturali crea un pattern ritmico secondario.
Il terzo movimento, Energico, porta in sé il conflitto dei due differenti mondi uditi precedentemente. All’inizio aggressivo, finché i gesti energici e ordinati trovano un modo di coesistere. In Près l’elettronica non può essere separata dallo strumentale; nelle parole di Kattunen “si nutrono a vicenda, creando un nuovo tipo di musica da camera.’
Da evidenziare però che la parte strumentale è stata scritta prima della realizzazione dell’elettronica, anche se la scrittura è stata strutturata secondo processi elettronici.
Nel brano prendono atto diversi processi di trasformazione, per esempio delle tecniche esecutive e della tessitura sonora (tendendo spesso al rumore). Allo stesso tempo troviamo processi ritmici, soprattutto con la contrapposizione tra elementi statici e dinamici. La parte strumentale è principalmente costruita alternando elementi semi-regolari a pattern ripetitivi.</p>

<p>\section*{L’elettronica}
Il principale scopo dell’elettronica in Près è quello di estendere le capacità sonore del violoncello, approccio sviluppatosi precedentemente in “Amers”(1992). Il materiale musicale di questi due lavori è lo stesso ma sviluppato con forme differenti e di struttura drammatica. Solo una parte dei passaggi strumentali e degli elementi elettronici sono gli stessi. In Près la parte elettronica è quindi estensione dello strumento riguardo il colore del suono e il gesto musicale.
La prima sezione è centrata attorno l’analisi a intervalli successivi di tempo di un trillo di violoncello in evoluzione. Il trillo si alterna tra suoni ordinari e armonici, evolvendo dal tasto al ponticello. Dalla analisi vengono dedotti 2 spettrogrammi, uno composto da tutte le parziali ed uno ridotto a sole le componenti percettivamente udibili, dovuto al fenomeno psicoacustico del mascheramento. Per ogni istanza dell’analisi ottiene una sintesi dello spettro completo, che genera timbro e lo spettro ridotto che genera altezze, percepite come armonia.
Près include suoni di sintesi, montaggi di suoni di violoncello e inoltre processi sonori in tempo reale, ottenuti con filtri risonanti e diversi tipi di eco e trasposizioni. I suoni sintetici sono basati su registrazioni di violoncello; K.S. ne ha analizzato la struttura delle parziali armoniche e la ha usata come base per l’armonia del brano. Le stesse analisi sono state utilizzate come base per la sintesi, registrate e utilizzate come nastro durante l’esecuzione. 
L’obiettivo di K.S. è stato quello di creare una composizione in cui, nonostante i numerosi livelli di processi, il violoncello stia in primo piano rispetto al resto. 
Le componenti elettroniche utilizzate sono quindi le seguenti: 
\begin{itemize}
  \item Modelli referenziali per il controllo della sintesi (Filtri risonanti)
  \item Suoni strumentali basati su dati di analisi non processati
  \item Modelli astratti di sintesi, creati dopo la selezione delle parziali di un dato suono, utilizzando modelli psico-acustici
\item Modelli astratti che possono essere interpolati con i modelli referenziali, utilizzati per rappresentare la relazione armonia-timbro.
\end{itemize}
Nelle prime versioni il violoncello venne amplificato utilizzando un microfono per ciascuna corda, ognuno posto sotto la tastiera, utilizzando un sistema simile a quello dei trasduttori per chitarra elettrica. Questo tipo di microfonazione permetteva di isolare il suono di ciascuna corda, dando la possibilità di spazializzare gesti con facilità. Il setup venne sviluppato all’IRCAM, ma fu considerato instabile e difficile da controllare; di conseguenza, K.S. ha preparato nuove versioni del brano senza la microfonazione speciale.</p>

<p>\end{multicols}</p>

<p>\begin{Figure}
 \centering
 \includegraphics[width=\linewidth]{gesto1.png}
 \captionof{figure}{Sviluppo primo gesto.}
 \label{figure:axnoise1}
\end{Figure}</p>

<p>\begin{multicols}{2}</p>

<p>\section*{Analisi}
La natura del brano non permette divisioni nette in sezioni, essendo la fluidità del materiale di estrema rilevanza; per ragioni analitiche ho diviso il brano in sezioni, utilizzando come criterio l’introduzione di nuove tecniche e la percezione uditiva.
Il primo movimento è caratterizzato dall’evoluzione di un singolo gesto, l’onda; all’inizio intesa come singola cellula di movimento ascendente, poi espansa temporalmente, verticalmente e variata, includendo man mano il movimento discendente come conseguenza del precedente.<br />
\end{multicols}</p>

<p>\begin{Figure}
 \centering
 \includegraphics[width=\linewidth]{gesto2.png}
 \captionof{figure}{Sviluppo gesto.}
 \label{figure:axnoise2}
\end{Figure}</p>

<p>\begin{multicols}{2}
\section<em>{Sezione 1 (battute 0-25}
Il brano è strutturato in base all’evoluzione del trillo su mi bemolle che sentiamo all’inizio, questo è alterato con un cambio più o meno continuo della pressione sul tasto. Come precedentemente evidenziato il concetto base di questo brano è l’oscillazione nell’asse tono-rumore, osservando lo spettrogramma \ref{figure:axnoise1} notiamo il movimento da toni puri a rumorosi, facendo uso di tutto ciò che lo strumento dà a disposizione, come tremolo e arco sul ponticello. Il gesto è quindi caratterizzato da una moderata apertura spettrale con i toni puri ad una più ampia nei suoni rumorosi. L’elettronica è utilizzata in questa prima fase come emergenza, i suoni si realizzano spesso come estensione di quanto si udiva prima. Proseguendo nella lettura della partitura, si comprende maggiormente il processo applicato al materiale: una ripetizione continua del gesto ma con variazioni dei suoi parametri, spostandolo anche a caratteristiche di altri elementi.
\section</em>{Sezione 2 (battute 25-58}
Nella seconda sezione il materiale prevalente è quello strumentale, l’articolazione spettrale è data quasi unicamente dalle tecniche estese del violoncello, quali bicordi, arco al ponticello e tremoli. Più si protrae il materiale, più esso viene diversificato con altre tecniche estese, aumentandone le potenzialità timbriche. A battuta 42 troviamo un ritorno dell’elettronica, ciò avviene per mutazione del materiale precedente, anche se per la prima volta nel brano vi è una sovrapposizione tra la parte elettronica e strumentale.
Il materiale si intensifica fino a 43, per poi portare ad un lento rilascio fino a battuta 79. C’è una contrapposizione continua tra staticità, intesa come punto di riposo ed elementi ritmicamente ricchi, la cellula iniziale è elemento di quiete a cui tendere.
Proseguendo vengono man mano alterate le interazioni tra strumento ed elettronica, andando verso la sezione conclusiva.
\end{multicols}</p>

<p>\begin{Figure}
 \centering
 \includegraphics[width=\linewidth]{gesto3.png}
 \captionof{figure}{Sviluppo gesto.}
 \label{figure:axnoise3}
\end{Figure}</p>

<p>\begin{multicols}{2}
\section<em>{Sezione 3 (battute 87-159}
Nella terza e ultima sezione il suono tende sempre più al bruitismo, anche grazie ad un cambio radicale nell’utilizzo dell’elettronica a partire da battuta 129. Si interrompono i modelli di filtri risonanti, sostituiti prima dal nastro di violoncello pre-registrato, sommato a processi in tempo reale ed un’entrata graduale di un nastro di onde sul mare, rendendo chiaro il riferimento iniziale del brano. Sul piano strumentale, il glissando diventa elemento predominante insieme alla pressione, eliminando suoni puri. Si perdono gradualmente i suoni armonici, portando il violoncello ad una fusione timbrica con il materiale dei nastri. Si intensificano le entrate dell’elettronica fino al termine del brano.
\section</em>{Conclusione}
La particolarità di questo brano che lo rende un ottimo esempio per l’analisi è quella di fare comprendere le ampie possibilità musicali che un singolo gesto può portare. Inoltre l’utilizzo dell’elettronica sia come elemento per la scrittura che per l’esecuzione, apre numerose porte per la composizione di brani.</p>

<p>\end{multicols}</p>

<p>\begin{landscape}
\begin{tabular}{ | m{2cm} | m{3cm}| m{3cm} | m{3cm} |  m{3cm} | m{3cm} | m{3cm} | } 
  \hline
  Battuta &amp; 25-29 &amp; 30-34 &amp; 36-41 &amp; 42-46 &amp; 47-49 &amp; 51-58 \ 
  \hline
  Processo &amp; Espansione cellula iniziale. Con aggiunta di coda. &amp; A)Frammentazione cellula ascendente + B)Riduzione cellula iniziale
(A+A+B+A+B)&amp; Frammentazione cellula ascendente &amp; Distensione cellula iniziale. &amp; Compressione gesto iniziale &amp; Intensificazione ritmica  <br />
  \hline
  Tecniche Strumentali &amp; Sul tasto, ordinario, glissando,
Pizzicato &amp; Sul ponticello, sforzando, glissando, trillo (arm.), pizzicato &amp; Pressione, bicordi, variazioni di posizione arco, sul ponticello, trillo &amp; Sul ponticello, ordinario, glissando, tremolo &amp; Trillo, pressione, sforzando, bicordi, sul ponticello &amp; Sul ponticello, pressione, bicordi <br />
  \hline
  Prevalenza Timbrica&amp; Tono &amp; Oscillazione rumore-tono &amp; Oscillazione rumore-tono &amp; Tono &amp; Rumore &amp; Tono<br />
  \hline
  Inviluppo &amp; Ondate &amp; Melodico ascendente, dinamico/timbrico discendente &amp; Brevi frammenti ascendenti, ondate &amp; Ascendente &amp; Ascendente &amp; Ondate <br />
  \hline
  Dinamica &amp; Piano &amp; Mezzoforte &amp; Forte &amp; Forte &amp; Forte &amp; Forte <br />
  \hline
  Elettronica &amp; &amp; &amp; Interazione per emergenza &amp; &amp; Interazione per emergenza &amp; <br />
  \hline
\end{tabular}
\begin{tabular}{ | m{2cm} | m{3cm}| m{3cm} | m{3cm} |  m{3cm} | m{3cm} | m{3cm} | } 
  \hline
  Battuta &amp; 59-68 &amp; 69-71 &amp; 71-78 &amp; 79-87 &amp; 88-104 \ 
  \hline
  Processo &amp; Dilatazione in 2 parti della cellula generatrice, fino alla massima distensione. &amp; Compressione cellula generatrice &amp; Frammentazione + dilatazione cellula gen. 2 volte. Aumento intensità ritmica. &amp; Cellula gen., con meno variazioni e resa più chiara. Ripetizione 2 volte &amp; Dilatazione in 2 parti della cellula gen., complessità ritmica <br />
  \hline
  Tecniche Strumentali &amp; Trilli, trilli doppi, sul ponticello, armonici, tremoli &amp; Pizzicato, glissando, tremolo, sul ponticello &amp; Sul ponticello, sul tasto, trillo, armonici &amp; S.P., trillo, pressione, tremolo, bicordi. &amp; S.P., trillo, pressione, tremolo, bicordi. <br />
  \hline
  Prevalenza Timbrica&amp; Oscillazione tra tono e rumore mantenendo un bilancio tra i due &amp; Oscillazione tra tono e rumore, prevalenza rumore &amp; Tono &amp; Oscillazione tra tono e rumore mantenendo un bilancio tra i due &amp; Oscillazione tra tono e rumore mantenendo un bilancio tra i due<br />
  \hline
  Inviluppo &amp; Ascendente - statico &amp; Ascendente &amp; Ascendente &amp; Ondate &amp; Ascendente<br />
  \hline
  Dinamica &amp; Prevalenza Mezzopiano &amp; Mezzopiano &amp; Mezzopiano&gt;Pianisimo &amp; ezzopiano&gt;Pianisimo &amp; Piano&lt;Fortissimo <br />
  \hline
  Elettronica &amp; Interazione per emergenza &amp; Interazione per emergenza &amp; Interazione per emergenza &amp; Interazione per emergenza &amp; Interazione per emergenza <br />
  \hline
\end{tabular}
\begin{tabular}{ | m{2cm} | m{3cm}| m{3cm} | m{3cm} |  m{3cm} | m{3cm} | m{3cm} | } 
  \hline
  Battuta &amp; 88-104 &amp; 105-118 &amp; 119-129 &amp; 130-Fine \ 
  \hline
  Processo &amp; Dilatazione in 2 parti della cellula gen., complessità ritmica &amp; Ripetizione cellula ad libitum con coda glissati &amp; Ripetizione cellula ad libitum. Elettronica e materiale acustico si uniscono in un solo timbro &amp; Ripetizione cellula ad libitum  <br />
  \hline
  Tecniche Strumentali &amp; S.P., trillo, pressione, tremolo, bicordi. &amp; S.P., trillo, armonici, glissando, sforzando, bicordi, pressione &amp; S.P., trillo, glissando, sforzando, bicordi, pressione, tremolo &amp; S.P., glissando, bicordi, pressione<br />
  \hline
  Prevalenza Timbrica&amp; Oscillazione tra tono e rumore mantenendo un bilancio tra i due &amp; Tendente al rumore &amp; Tendente al rumore &amp; Tendente al rumore<br />
  \hline
  Inviluppo &amp; Ascendente &amp; Ondate &amp; Ondate &amp; Ascendente<br />
  \hline
  Dinamica &amp; Piano&lt;Fortissimo &amp; Mezzoforte &amp; Forte &amp; Fortissimo<br />
  \hline
  Elettronica &amp; Interazione per emergenza  &amp; Interazione per emergenza  &amp; Interazione per mutazione, materiale pre-registrato &amp; Interazione per mutazione, materiale pre-registrato <br />
  \hline
\end{tabular}</p>

<p>\end{landscape}</p>

<p>\begin{multicols}{2}</p>

<p>\printbibliography
\end{multicols}
\end{document}</p>]]></content><author><name></name></author><category term="analysis" /><summary type="html"><![CDATA[In questo testo verrà approfondita la prima sezione della composizione Près di Kaija Saariaho. Il brano verrà analizzato con attenzione allo sviluppo gestuale ed alla interazione tra materiale acustico ed elettroacustico. La metodologia di analisi utilizzata deriva da quella proposta da O’Callaghan \&amp; Eigenfeldt\cite{dirac}, pensata appositamente per la musica mista di derivazione spettralista. \emph{Kaija Anneli Saariaho}(1952) è una compositrice Finlandese, attualmente residente a Parigi. A livello storico la sua musica si pone dopo lo spettralismo di Gerard Grisey e Tristan Murail però, a differenza loro, il suo obiettivo non è tanto quello di stabilire nuove pratiche compositive ma partendo da basi post-seriali e spettraliste stabilire una propria estetica\cite{workk}. Il suo linguaggio musicale è unico, posizionato a metà tra le pratiche elettroacustiche e strumentali, sviluppando particolari influenze tra i due mondi. A sostituzione delle regole di consonanza e dissonanza del linguaggio tonale, K.S. si appoggia al più ampio concetto spettrale di tono e rumore (Saariaho 1987), questo tipo di pensiero la pone all'interno del contesto spettralista, cioè musica nella quale il timbro è elemento fondamentale per la struttura \cite{Reigle}. É poi importante notare come l'elettronica influenza la morfologia e la capacità dei gesti musicali, di cui le composizioni miste Verblendungen (1984) e Lichtbogen (1986) sono un prezioso esempio \cite{workk}. Allo stesso tempo Près(1992-94) è un brano che pone queste pratiche nella scrittura per strumento solo, il che dà la possibilità di analizzare e sentire in modo evidente i processi applicati. L'immaginario musicale di K.S. è spesso stimolato da impulsi letterari e visivi, inoltre la natura è fonte di pensiero formale. A riguardo essa dice “I am very interested in the structures found in nature—especially the symmetry of leaves and flowers. I am working on transforming such patterns musically. There are patterns within nature and colors or musical timbres within which these patterns lie.”. Il primo impulso per Près venne dal dipinto di Paul Gauguin "Fatata te Miti" (In riva al mare), immaginando i diversi ritmi e suoni derivati dall'esperienza del mare. In termini musicali questi suoni e ritmi si riferiscono a diversi tipi di materiali musicali e tessiture, forme, figure ritmiche e timbri; questi fattori sono utilizzati per creare una dialettica di accumulazione e rilascio. Il tema del mare è ricorrente nella musica di Saariaho ma la sua intenzione non è quella di ricreare il mare o le onde attraverso la composizione, nè è interessata al simbolismo legato al mare; il suo elemento di ricerca è invece particolarmente legato alla rumorosità e agli impulsi delle onde. Il suono può anche essere figurativo, se associato con forme naturali o suoni concreti riconoscibili.Uno degli aspetti di maggiore interesse nei brani di K.S., citato dal violoncellista Annsi Karttunen a cui il brano è dedicato, è appunto la transizione dall'astratto al figurativo. Il nome del brano, Près è un'abbreviazione di Près de la mer (vicino al mare), nasce come brano gemello di "Amers"(1992), opera per violoncello e ensemble, e con essa condivide il materiale di partenza, un trillo sul mi bemolle. L’opera è divisa in tre parti. La prima riprende l’idea di Amers, la seconda mette l’accento sul ritmo e si sviluppa sotto forma di ostinato, alternando suoni gravi e armonici. Infine, la terza parte utilizza la polifonia, e tende molto al rumore. L’elettronica è stata sviluppata all’IRCAM, da Jean-Baptiste Barrière e Xavier Chabot. La durata di esecuzione è circa di 20 minuti. \section*{Strategia di Analisi} Per la creazione di un'analisi efficace della musica mista è importante capire le problematiche relative soprattutto alla descrizione di elementi che sono spesso solo uditivi. Di fondamentale aiuto per la realizzazione di questo testo è stata la scoperta del framework di O’Callaghan \&amp; Eigenfeldt \cite{workk}, in quanto permette un approccio mirato al tipo di lavoro in analisi. L'intento è quello di trovare gli archetipi compositivi applicati dalla Saariaho, dissolverli e capirne la forma, per poi farne una sintesi. Lo scopo dell'analisi infatti come discute Marco Stroppa \cite{stroppa}, non è solo quello di smontare in piccoli pezzi le composizioni, ma, comprendendo le relazioni intrinseche dei vari segmenti, poter risintetizzare il lavoro dai singoli elementi. In questo brano ci viene in aiuto la partitura che include anche una descrizione del processo elettronico in atto. \section*{Analisi Gestuale e dell'Interazione} L'analisi che ho applicato è focalizzata sul gesto e sull'interazione tra elettronica e strumento acustico. Per gesto si intende un'unità percettiva o forma sonora che si sviluppa nel tempo, in questo contesto per trovare questo elemento ho usato come materiale la partitura e lo spettrogramma del brano, oltre, ovviamente, all'ascolto. I gesti sono le unità morfologiche di micro-livello, suscettibili a graduali evoluzioni nel tempo ed a interazione o mutazione con altri componenti del brano. Ogni gesto ha una traiettoria che lo porta verso un cambiamento specifico, allo stesso modo ci sono percorsi anche a livello formale, relativi allo sviluppo, reiterazione e articolazione dei gesti. In K.S. vi è una particolare attenzione a questo tipo di evoluzione del materiale, come è visibile alla figura \ref{figure:verble}, in relazione al brano "Verblendungen" . Come è possibile notare essa realizza le traiettorie riguardanti i parametri del brano come strumento compositivo. Per quanto riguarda l'interazione ho evidenziato 3 modalità., utilizzando la metodologia di O’Callaghan \&amp; Eigenfeldt\cite{dirac}. Per primo troviamo la relazione per unisono, cioè una fusione timbrica tra acustica ed elettronica. Possiamo poi avere la mutazione, cioè elementi molto diversi tra loro influenzano si influenzano a vicenda. Il terzo e ultimo modo di interazione, e anche quello che ho trovato più comune in questo brano, è quello per emergenza; inteso come realizzazione di suono come estensione del precedente, o sua materializzazione come risultato dei parametri sempre del suono precedente. \begin{Figure} \centering \includegraphics[width=\linewidth]{parameters_ver.png} \captionof{figure}{Parametri compositivi in Verblendungen.} \label{figure:verble} \end{Figure} \section*{Analisi Spettrale} Dal punto di vista spettrale ho utilizzato, come parametro il respiro spettrale, inteso come continuum da tono a rumore, e l’apertura spettrale (spread). Queste scelte sono dovute ai parametri specifici del brano in analisi, derivati dai processi compositivi. Come è stato anticipato K.S. utilizza per la sua dialettica la dicotomia tono-rumore, sostituendo i principi tonali di consonanza-dissonanza e, di conseguenza, anche l’asse stabilità-instabilità. Per articolar il proprio pensiero musicale fa grande uso di tecniche strumentali estese, avendo una chiara concezione delle caratteristiche timbriche di ciascuna. \begin{tabular} \centering \end{tabular} \begin{Figure} \centering \includegraphics[width=\linewidth]{strings_tone_noise.png} \captionof{figure}{Asse tono/rumore nelle tecniche degli strumenti ad arco.} \label{figure:axstrings} \end{Figure} \end{multicols}]]></summary></entry><entry><title type="html">Tutorial - Machine Learning for Artists - 2 - Deep Learning on a compositional perspective</title><link href="http://localhost:4000/teaching/teaching.mla/2024/04/09/mla_2.html" rel="alternate" type="text/html" title="Tutorial - Machine Learning for Artists - 2 - Deep Learning on a compositional perspective" /><published>2024-04-09T12:11:54+02:00</published><updated>2024-04-09T12:11:54+02:00</updated><id>http://localhost:4000/teaching/teaching.mla/2024/04/09/mla_2</id><content type="html" xml:base="http://localhost:4000/teaching/teaching.mla/2024/04/09/mla_2.html"><![CDATA[<div class="language-plaintext highlighter-rouge"><div class="highlight"><pre class="highlight"><code>{
  "firstName": "John",
  "lastName": "Smith",
  "age": 25
}
</code></pre></div></div>
<hr />

<p><br /></p>

<h1 align="right">What is machine learning </h1>

<p><br /></p>

<p>Una rete neurale è un modello di calcolo la cui
struttura stratificata assomiglia alla struttura della rete
di neuroni nel cervello, con strati di nodi connessi.
Una rete neurale può apprendere dai dati, quindi
può essere addestrata a riconoscere pattern,
classificare i dati e prevedere eventi futuri.<sup id="fnref:1" role="doc-noteref"><a href="#fn:1" class="footnote" rel="footnote">1</a></sup></p>

<p><br /></p>

<hr />
<p><br /></p>
<h1>What is machine listening</h1>

<p><br /></p>

<p>Una rete neurale suddivide gli input in livelli di astrazione. Può
essere addestrata su molti esempi per riconoscere i pattern del
parlato o delle immagini, proprio come fa il cervello umano. Il
suo comportamento è definito dal modo in cui sono collegati i
suoi singoli elementi e dalla forza, o dai pesi, di quelle
connessioni. Questi pesi vengono regolati automaticamente
durante l’addestramento in base a una specifica regola di
addestramento finché la rete neurale non esegue correttamente
l’attività desiderata.</p>

<hr />
<p><br /></p>
<h1></h1>

<hr />

<p>Le reti neurali sono particolarmente adatte al
riconoscimento di pattern per identificare e
classificare oggetti o segnali nel parlato, nella visione
e nei sistemi di controllo. Possono anche essere
utilizzate per eseguire la previsione e la modellazione
di serie storiche.</p>

<hr />
<h1></h1>
<hr />
<p>Le reti neurali che operano su due o tre layer di
neuroni connessi sono conosciute come reti neurali
superficiali. Le reti di Deep learning possono avere
molti layer, anche centinaia. Entrambe sono
tecniche di machine learning che imparano
direttamente dai dati di input.</p>

<hr />

<p>Il machine learning permette di velocizzare</p>

<p>processi che occuperebbero molto tempo per
una persona e renderli più accurati ed efficienti.</p>

<p>Il deep learning è particolarmente adatto per
applicazioni di identificazione complesse come il
riconoscimento facciale, la traduzione di testi e il
riconoscimento vocale. È anche una tecnologia
chiave utilizzata nei sistemi avanzati di assistenza
alla guida tra cui la classificazione delle corsie e il
riconoscimento della segnaletica stradale.</p>

<hr />

<p><br /></p>

<style>
.video-holder {
  position: relative;
  width: 100%;
  height: 0;
  padding-bottom: 56.25%;
  overflow: hidden;
}
.video-holder iframe {
  position: absolute;
  top: 0;
  left: 0;
  width: 100%;
  height: 100%;
}
</style>

<div class="video-holder">
  <iframe width="560" height="315" src="https://www.youtube.com/embed/v5R8r-iTp6M?si=IuuZE9lbSsxBMsPb" frameborder="0" allowfullscreen=""></iframe>
</div>

<p><br /></p>

<div class="footnotes" role="doc-endnotes">
  <ol>
    <li id="fn:1" role="doc-endnote">
      <p>This is the footnote. <a href="#fnref:1" class="reversefootnote" role="doc-backlink">&#8617;</a></p>
    </li>
  </ol>
</div>]]></content><author><name></name></author><category term="teaching" /><category term="teaching.mla" /><summary type="html"><![CDATA[{ "firstName": "John", "lastName": "Smith", "age": 25 }]]></summary></entry><entry><title type="html">I Don’t Need You</title><link href="http://localhost:4000/compositions/2023/04/09/i-don't.html" rel="alternate" type="text/html" title="I Don’t Need You" /><published>2023-04-09T12:11:54+02:00</published><updated>2023-04-09T12:11:54+02:00</updated><id>http://localhost:4000/compositions/2023/04/09/i-don&apos;t</id><content type="html" xml:base="http://localhost:4000/compositions/2023/04/09/i-don&apos;t.html"><![CDATA[<p>ciaocacsioac
asnfdansfna
afndskajnflknd
jasnfknaslldfks</p>]]></content><author><name></name></author><category term="compositions" /><summary type="html"><![CDATA[ciaocacsioac asnfdansfna afndskajnflknd jasnfknaslldfks]]></summary></entry><entry><title type="html">remuen</title><link href="http://localhost:4000/compositions/2023/04/09/remuen.html" rel="alternate" type="text/html" title="remuen" /><published>2023-04-09T11:11:54+02:00</published><updated>2023-04-09T11:11:54+02:00</updated><id>http://localhost:4000/compositions/2023/04/09/remuen</id><content type="html" xml:base="http://localhost:4000/compositions/2023/04/09/remuen.html"><![CDATA[<p>ciaocacsioac
asnfdansfna
afndskajnflknd
jasnfknaslldfks</p>]]></content><author><name></name></author><category term="compositions" /><summary type="html"><![CDATA[ciaocacsioac asnfdansfna afndskajnflknd jasnfknaslldfks]]></summary></entry><entry><title type="html">scripting</title><link href="http://localhost:4000/coding/2022/04/09/baal.html" rel="alternate" type="text/html" title="scripting" /><published>2022-04-09T12:11:54+02:00</published><updated>2022-04-09T12:11:54+02:00</updated><id>http://localhost:4000/coding/2022/04/09/baal</id><content type="html" xml:base="http://localhost:4000/coding/2022/04/09/baal.html"><![CDATA[<p>ciaocacsioac
asnfdansfna
afndskajnflknd
jasnfknaslldfks</p>]]></content><author><name></name></author><category term="coding" /><summary type="html"><![CDATA[ciaocacsioac asnfdansfna afndskajnflknd jasnfknaslldfks]]></summary></entry><entry><title type="html">Baal</title><link href="http://localhost:4000/compositions/2022/04/09/baal.html" rel="alternate" type="text/html" title="Baal" /><published>2022-04-09T12:11:54+02:00</published><updated>2022-04-09T12:11:54+02:00</updated><id>http://localhost:4000/compositions/2022/04/09/baal</id><content type="html" xml:base="http://localhost:4000/compositions/2022/04/09/baal.html"><![CDATA[<p>ciaocacsioac
asnfdansfna
afndskajnflknd
jasnfknaslldfks</p>]]></content><author><name></name></author><category term="compositions" /><summary type="html"><![CDATA[ciaocacsioac asnfdansfna afndskajnflknd jasnfknaslldfks]]></summary></entry></feed>